id,parent_id
2138692,2138651
2138651,1045200
1045178,1045177
4781951,1045177
1045200,1045178
1045177,
1167884,1167881
1167889,1167876
1167878,1167876
1167890,1167881
1167893,1167876
1167896,1167887
2170536,2170535
2172226,2170536
2172253,2170907
2172254,2170537
2170534,2169160
5926678,1168891
2169160,1168891
2172224,2170907
2172222,2170907
2168987,2168978
2168986,2168978
1167876,
1167900,1167893
1167881,1167878
2172251,2170535
2170908,2170907
2172230,2170535
1168891,
2170537,2170535
2168982,2168980
2168983,2168980
1168896,
2168980,2168979
1167901,1167876
1167887,1167878
1167898,1167896
2172255,2170537
2172203,2170536
2172228,2169160
2172221,2170536
2172231,2170535
2172225,2170907
2170535,2170534
2172223,2169160
2172229,2170908
2172227,2169160
2172252,2170535
2170907,2169160
2172250,2169160
2168981,2168980
2168978,1168896
2168985,2168979
2168984,2168980
2168979,2168978
165531,165426
165426,124338
340629,165531
2160096,2160090
2160098,2160096
2160100,1283990
1013325,340629
124338,
2160097,2160090
4961064,1348267
1348267,
2244813,1348267
2248291,2248294
2248294,1348267
2248292,1348267
2160090,2159405
2160580,2160090
1283990,
2159405,1283990
2248293,2248291
2248290,2248293
3054391,1168623
2171699,2171698
2169876,2168909
2168907,2168726
4521024,1470534
5758811,4521024
2176287,2176285
2176286,1490994
2176285,2176286
5053354,1490994
2176288,2176285
5024285,1168623
176148,1452302
1452303,176148
2168909,2168726
1992627,1992626
1992628,1992627
1470534,
2176290,1490994
1490994,
2176289,2176287
2176292,1490994
4863344,3054391
1452302,
1168623,176148
2168906,2168726
2168908,2168726
2168726,1452679
2171698,2169876
1452679,
1992626,1470534
2168504,1555694
2168535,2168531
2168511,1532595
2168500,1532595
2168529,2168521
5086132,1555685
2168503,1532595
2168512,1532595
2168514,1532595
2168516,1532595
2168531,1532595
2168509,1532595
2168647,1534792
2168931,2168930
2039362,1992628
2176291,1490994
154814,154802
2084042,2072104
2072105,2072104
2084043,2084042
2761084,2084043
2072104,155530
2750394,1558332
2514878,2514874
2750388,2514882
2512960,1558332
3206877,2512961
2514874,2514875
2514881,2514874
2514880,2514875
1558332,
2750390,1558332
2168542,1532595
2168517,1555694
2168506,1555694
2168501,1555694
2167920,1555694
2168565,1532595
5086278,1555685
2168508,1532595
2168502,1532595
2168539,1532595
1532595,
2169075,1534792
2168929,2168928
2168932,2168647
2168521,1532595
157116,157103
154802,154790
2520057,2072105
2129650,2129649
2129649,2129648
2129648,2129647
1555786,
2750389,2514875
2514882,2514875
2514782,1558332
2747586,2512961
2750393,2514882
2512961,2512960
1932927,227248
227248,157324
157324,
2168541,1532595
2168513,1555694
2172704,1532595
2168697,1555694
2168510,1532595
2168515,1532595
2168518,1532595
1555694,2168509
2168499,2167920
2168507,1555694
1555685,1532595
2168505,1532595
2168928,2168647
1534792,
2168930,2168928
2168648,1534792
157103,154814
3943155,154790
154790,
155530,
2129647,1555786
5086459,2129647
2750392,1558332
4884438,1558332
2750395,1558332
2514877,2514875
2514873,1558332
2750387,2514882
2750391,2514882
2514879,2514874
2514876,2514875
2514875,2514873
1932928,1932927
1935436,1932928
3945705,157324
1674362,1674361
1675253,346327
346327,1675255
1677423,1677402
1677402,1677401
1677419,1677405
1677405,1677402
1677404,1677403
1677422,1677402
1677414,1677401
1680495,1680470
1684844,1684839
1685217,1684840
1685293,1685219
1685312,1685308
1685365,1685355
1685323,1685315
1687933,1687880
1688072,1687883
1687754,1687752
1687751,1687748
1699687,1699594
1699666,1699619
1699652,1699584
1699584,
1706300,1706136
1706126,1702977
1702977,1706098
1703134,1702996
1706145,1706130
1706397,1706396
1706409,1706129
4247906,1706129
1706194,1706129
1716093,1716117
1718142,1718241
1719485,1719162
1722468,1722467
1723000,1722996
1723038,
1723002,1723000
1723025,1723002
1723042,1723000
5118335,1727370
1727370,1729415
1727371,1727370
1727558,1727535
1674357,
1674361,1674360
1674358,1674357
1674359,1674358
1674360,1674359
1675258,1675254
1675254,1675253
1677411,1677410
1677417,1677402
1677418,1677402
1677425,1677402
1677407,1677402
1677413,1677412
1677416,1677402
1677410,1677408
1677426,1677408
1677427,1677402
1677406,1677404
1677408,1677401
1677401,
1680470,1679442
1685364,1685345
1685345,1685308
1685218,1684829
1684840,1684830
1685355,1685354
1684839,1684829
1685292,1685227
1685211,1684840
1685227,1685218
1685219,1685218
1685226,1685218
1685354,1684840
1685241,1685195
1685240,
1685267,1685193
1685269,1685241
1685194,1685193
1685357,1685323
1685239,1685193
1685195,1685193
1685315,1685239
1687883,1687880
1688043,1687933
1687757,1687748
1688120,1687754
1687750,1687748
1687752,1687748
1692079,1692078
1692070,1692067
1692071,1692070
1692067,
1692620,1692619
1693190,1693188
1692618,1692617
1693188,1692619
4182348,1692617
1699658,1699594
1699695,1699619
1699619,1699584
1699593,1699584
1699728,1699666
1699693,1699619
1699648,1699594
1699651,1699584
1699618,1699593
1699650,1699584
1706136,1705630
1705630,1705676
1706350,1706136
1705353,
1705654,
1705655,1705654
1705734,1701581
1705740,1705734
1702996,1702977
1706252,1706097
1706098,
1706334,1706328
1706195,1706129
1706396,1706328
1706146,1706130
1716148,1716093
1715740,1716117
1716253,1716252
1716117,
1716258,1716253
1716252,1716093
1718277,1718238
1718238,1718237
1718241,
1719161,1719565
1719565,
1719578,1719485
1719165,1719164
1719164,1719161
1722472,1722468
1722467,
1722474,1722472
1723024,1722474
1722859,1722692
1722675,
1723044,1723002
1727535,1727370
1729417,1727558
1729416,1727370
1675256,1675254
1675255,
1675257,1675253
1677409,1677408
1677424,1677402
1677437,1677405
1677415,1677412
1677421,1677402
1677412,1677410
1677420,1677402
1677403,1677402
1679442,1679352
1774051,1774045
1774045,1774067
1777296,1777294
1777334,1777328
1777054,1777328
1679352,1681386
1681386,
1685213,1685211
1684841,1684829
1684829,1685229
1685229,
1685374,1684840
1684830,1684829
1685308,1685219
1685193,1685240
1687880,1686792
1687934,1687933
1686792,
1687885,1687884
1687884,1687883
5097255,1687643
1687643,
1687748,1687643
4557887,1687643
1692078,1692071
1692621,1692619
1692619,1692618
1692617,
1699649,1699594
1699727,1699648
1699594,1699593
1706527,1706350
1801505,1800893
1801514,1801382
1801509,1801382
1801508,1801382
1801507,1801382
1801526,1801380
1801476,1800893
1801530,1801382
1801525,
1801382,1800893
1806516,1806514
1806514,1806513
1806512,1806510
1806517,1806516
1706200,1705630
1705676,1705353
1701581,1705655
1706097,1702996
1706081,1706098
1706130,1706129
1709132,1706334
1706129,
1706247,1706129
1706147,1706130
1706328,1706247
1718237,1718142
1818304,1818303
1719162,1719161
1722475,1722474
1722469,1722468
1722692,1722686
1722681,1722675
1722687,1722681
1722686,1722681
1722996,1723038
1729415,
1727372,1727370
1727373,1727370
1774071,1774068
1852002,1841398
1846172,1841438
1841407,1841403
5170181,1841393
1841438,1841393
1857359,1852002
1774056,1774045
1774057,1774051
1774067,
1774069,1774067
1777289,1777285
1777322,
1777285,1777284
1777294,1777289
1777281,1777322
1777290,1777289
1777330,1777327
1777324,1777323
1777327,1777323
1777329,1777327
1777328,
1774063,1774057
1774068,1774051
1774062,1774045
1777295,1777294
1777287,1777285
1777297,1777295
1777288,1777281
1777292,1777289
1777284,1777283
1777291,1777290
1777283,1777281
1777325,1777054
1777323,1777054
1801548,1801380
1801531,1801382
1801568,1801382
1801529,1801380
1801511,1801382
1801841,1801548
1806510,
1806515,1806511
1806511,1806510
1806518,1806510
1864940,1864920
1864920,
1865002,1864920
1800893,1801525
1801534,1801382
1801528,1801505
1801580,1801382
1801614,1801380
1801380,1800893
1806513,1806510
1818303,
1879564,1880038
1881586,1881386
1880507,1880038
1882207,1882205
1818306,1818304
1818298,1818303
1818300,1818298
1818305,1818299
1818301,1818300
1818299,1818298
1818302,1818301
1841403,1841398
1841396,1841393
1841398,1841396
1891833,1892118
1892118,
2883037,1903446
1903450,1903448
2879493,1903447
2883366,1903450
3484156,1903450
1841457,1841396
1841397,1841396
1841393,
1860047,1860044
1860043,1860042
3352470,1860047
1860044,1860043
1860055,1860044
1864947,1864940
1860054,1860044
1860042,
1864955,1864952
2623932,1880507
1864952,1864947
1882205,1881386
1892114,1892113
1892112,1892109
1880038,
1881386,1880507
1892119,1892109
1903448,1903447
1903449,1903448
2882856,1903449
2880455,1903446
1930595,1930575
1930576,1930575
1930586,1930585
1930575,
1930581,1930578
1930582,1930578
1936137,1936136
1936152,1936146
1936143,1936156
1936156,1936143
1937787,1937785
1937791,1937784
1937809,1937792
1937805,1937798
1937798,1937782
1937802,1937792
1937801,1937794
1937806,1937798
1937828,1937820
1937810,
1937812,1937811
1937833,1937826
1937820,1937810
1937845,1937815
1937813,1937822
1940340,1940334
1940352,1940341
1940338,1940334
1940339,1940337
1940342,1940338
1892110,1892109
1892115,1892110
1892113,1892108
1892109,1891833
1892108,1891833
1892111,1892109
1892116,1892113
1903447,1903446
2446965,1951329
2291271,1951329
2670384,1942433
2898804,1957969
1942433,1942431
1942431,1942333
2673213,1951329
1942532,1942333
199807,195531
194586,
4063240,194586
201964,195531
194727,194586
1903446,
1930629,1930575
2439483,1952804
1952318,1952268
1952944,1952416
3515565,1952946
1952959,1952803
2898934,1952804
1952219,
1952416,1952219
2897021,1954071
1954164,1954071
1954071,1954069
3517511,1954071
1954070,1954058
2908853,1954071
1954133,1954071
2448693,1954070
1954156,1954071
2669247,1954071
2909272,1954071
2898857,1954070
2665496,1954742
2651779,1954746
1954737,1954735
2913469,1954742
1954741,1954738
2670219,1954742
2912393,1954742
2664790,1954745
3500491,1954735
3500413,1954735
2912011,1954745
2665397,1954745
1954738,1954735
1954742,1954740
3320899,1954735
1954740,1954735
1930585,1930582
1936139,1936137
1936150,1936140
1936140,1936139
1936162,1936156
1936146,1936143
1937786,
1937788,1937787
1937789,1937788
1937807,1937798
1937804,
1937799,1937794
1937794,1937793
1937834,1937826
1937819,1937812
1937818,1937810
1937826,1937819
1937811,1937810
1937815,1937814
1940334,1940333
1940349,1940340
1940350,1940338
1940341,1940340
1940353,
1940344,1940337
1940335,1940334
1940333,1940353
1940345,1940339
2673185,1951329
2896370,1957969
1957969,1951329
202032,195531
3988936,194586
1930578,1930576
1936136,
1953021,1952416
1952881,1952416
2904412,1952946
1953024,1952416
1952804,1952318
1952268,1952219
1952865,1952803
1952803,1952318
1952864,1952268
1936161,1936143
1937790,1937785
1954163,1954070
2909270,1954071
2671691,1954071
2448694,1954070
1954090,1954069
1954101,1954071
1954058,1953914
1954132,1954071
1953914,
1954069,1954058
2897017,1954071
2448609,1954071
2909271,1954071
1968018,1967992
1968035,1967996
1967992,
1968146,1968135
1937784,1937783
1937783,1937786
1937785,1937783
1937782,1937804
1937796,1937793
1937792,1937782
1937793,1937792
1937835,1937826
1937829,1937814
1937814,1937813
1937822,
1940337,1940333
3500432,1954735
2662896,1954745
1954745,1954742
3518370,1954742
2673454,1954742
2448292,1954742
1954735,
2909353,1954745
1940336,1940334
1940343,1940342
1940347,1940337
1940348,1940343
3515631,1957969
2663110,1942431
1951329,1942433
2291297,1951329
1942333,
3129827,1951329
2670301,1942433
202381,194586
195377,194727
195624,195531
195531,195377
1952943,1952416
3514690,1952268
1952946,1952416
1953038,1952804
3506451,1954070
2898926,1954071
1954102,1954071
1954165,1954071
2897024,1954071
1954103,1954071
2445807,1954742
3500574,1954742
2448640,1954746
1954746,1954742
1967995,1967992
1968178,1967996
1968006,1967996
1968173,1967996
1968009,1967996
1968190,1967996
1968032,1967995
1967996,1967995
1968163,1968006
1968019,1967995
1968133,1968092
1968092,
1968135,1968134
1968139,1968133
1968134,1968133
2475717,2046055
2738214,2034746
2475793,2046055
2001847,1990711
1990711,
2475749,2046055
2475785,2033598
2032887,2032849
2357111,2001847
2357141,2046055
2475663,2046055
2695473,2046055
2034746,2032887
2475664,2001847
2357113,2001847
2475667,2001847
2475776,2001847
2738338,2033080
2354754,2032572
2475787,2033598
2357148,2046055
2475729,2046055
2475783,2033598
2354755,2032695
2033080,2032887
2475720,2046055
2032572,2025669
2475662,2046055
2032695,2032632
2475665,2046055
2032980,2032651
2360956,2032574
2475786,2033598
2357112,2046055
2360966,2032695
2695476,2046055
2025669,1990712
2475789,2033598
1990712,1990711
2505464,2033598
2046055,2032632
2475738,2046055
2475788,2033598
2475813,2033598
2357182,2046055
2032367,2032365
2032365,1994260
2729640,2032367
2729671,2032365
1999012,1999009
1999017,1999001
2032369,2032343
2032343,2000430
2040219,2040083
2046052,2040219
2033536,2032634
2001882,
2035774,2035672
2735518,2032578
2032578,2012847
2015118,2012847
2735521,2035774
2735515,2032578
2734275,2032578
2734278,2032578
2734277,2032578
2500890,2035857
2736491,2012847
2046736,2017756
2049958,2047434
2033887,2017756
2351521,2032572
2032574,1990711
2032660,2032572
2475750,2046055
2032642,2032632
2687223,2033598
2032632,2032574
2738280,2033080
2366247,2032695
2504741,2046055
2032651,2032574
2485756,2025669
2475678,2046055
2475716,2001847
2033598,2025669
2032849,2032572
2475668,2046055
2047130,2047118
2047118,2047104
1995029,1995028
3529648,1995023
1995030,1995029
1995027,1995023
1999009,1999007
2033278,2033210
2033297,2028190
2033163,2033159
2033210,2033159
2047120,2047118
1994260,
2729633,2032367
2047104,2032365
2729625,2032365
3532846,1995029
1995028,1995027
1999001,
1995023,
2032370,2032343
2479437,2033371
2472886,2033371
2472884,2033371
2475886,2033371
2471634,2033371
2464973,2033371
2474966,2033371
2704545,2046590
2001808,
2040083,2001809
2034196,2033536
2043868,2034344
2033526,2001882
2735527,2032578
2506006,2031477
2033564,2032518
2032518,2031477
2033579,2033570
2032128,
2047464,2035680
2034453,2033569
2033566,2032519
2506155,2033569
2033572,2033571
2047452,2047252
2053603,2047452
2033162,2033140
2504944,2033143
2033238,2033140
2033208,2033138
2033198,2033143
2033299,2033144
2034147,2033146
2033269,2033144
2496827,2033301
2506883,2047465
2047465,2047194
2033200,2033138
2475455,2033138
2047194,2047161
2033260,2033140
2033685,2033684
2047501,2047496
2046608,2045122
2047496,2033673
2047336,2047173
2050052,2047173
2033675,2033673
2033684,2033675
2047504,2033673
2046700,2033673
2047497,2047491
2046611,2045122
2047491,2047490
2046619,2045122
2033673,
2047169,2033673
2047435,2047329
2047325,2047175
2047498,2047496
2047515,2047497
2047329,2047175
2047500,2047496
2046631,2033673
2047494,2047491
2047344,2047169
2033676,2033673
2047175,2046631
2033677,2033676
2047339,2046700
2046580,2045122
2046560,2035962
2046584,2046126
2047335,2046584
2046668,2046620
2046126,2045831
2047486,2046620
2046581,2046560
2046620,2046581
2054379,2054378
1999007,1999001
1999020,1999012
2046590,2032370
2000430,
2001809,2001808
2741266,2040083
2043870,2043868
2043869,2001882
2034344,2033526
2032634,2001882
2735516,2035857
2735529,2032578
2735407,2032578
2734281,2032578
2472284,2035774
2735522,2032578
2032679,2032578
2735528,2035774
2017756,
2046726,2046697
2046585,2046579
2046628,2046604
2046728,2046642
2046582,2046562
2046753,2045830
2046572,2046556
2046633,2046558
2000585,2050707
2050705,2000587
2000588,2000587
2047434,2047140
2480675,2028190
3561424,2035857
2735530,2032578
2012847,
2735519,2032578
2735523,2035857
2736695,2032578
2035672,2032679
2035857,2032578
3570262,2032578
2028190,
2463076,2033268
2033268,2033210
2033142,2033141
2484215,2033371
2028867,
2047268,2033216
2033216,2033172
2033177,2028877
2028877,
2498771,2047268
2506008,2031477
2047140,2046736
2033672,2017756
2057757,2057754
2057763,2057755
2057765,2057757
2057769,2057763
2057771,2057756
2057772,2057757
2057754,
2057819,2057765
2034190,2033564
2506148,2033564
2031477,
2297978,2033663
2689623,2032128
2035680,2033070
2020372,2032519
2033577,2033572
2032844,
2033143,2033140
2047161,2034147
2504991,2033144
2045122,2033675
2051422,2047500
2047173,2047169
2046623,2046612
2732885,2035962
2046564,2046560
2046612,2046560
2037917,
2054378,2054377
2054377,2037919
2037921,2037917
2037922,2037917
2037919,2037917
2046565,2045123
2068186,2068143
2068153,2068148
2068148,2068140
2068160,2068120
2068140,2068088
2068150,2068149
2068157,2068147
2068139,2068138
2068161,2068144
2068143,2068142
2068136,2068120
2068149,2068143
2068182,2068166
2068167,2068166
2068171,2068167
2069875,2069871
2069871,2069870
2069872,2069870
2069873,2069872
2069876,2069870
2071165,2071162
2071159,
2071161,2071159
2071166,2071165
2071163,2071162
2071175,2071174
2071173,2071171
2071176,2071174
2071178,2071176
2071174,2071173
2071282,2071226
2071280,2071229
2071261,2071229
2071248,2071233
2071234,2071226
2071229,2071226
2071279,2071228
2071246,2071226
2071230,2071228
2071232,2071226
2071371,2071363
2071365,2071363
2071375,2071363
2071367,2071364
2071368,2071365
2071374,2071372
2033280,2033210
2463057,2028190
2033159,2028190
2505875,2033280
2033395,2028867
2033139,2028868
2036066,2028867
2504941,2033141
2465132,2033371
2028868,2028867
2506003,2033395
2033279,2033141
2033331,2033142
2033141,2033139
2462751,2033371
2033371,2028868
2044568,2033395
2033172,2028877
2034192,2033570
2476005,2033564
2033570,2033564
2033888,2033564
2473011,2031477
2505999,2032518
2033070,2032188
2032188,2032128
2740693,2035680
3572637,2035680
2033663,2032188
2033574,2033571
2033569,2033566
2033571,2033569
2032519,
2053604,2053603
2047252,2032844
2033144,2033140
2033138,
2047195,2047194
2033140,2033138
2506122,2047462
2034200,2034147
2047462,2047195
2033180,2033138
2033301,2033140
2047272,2033301
2033196,2033138
2510122,2033144
2496768,2033138
2499547,2033138
2741933,2034147
2033146,2033143
2046710,2033673
2047502,2047496
2047327,2047169
2047490,2047329
2035962,
2733722,2046560
2045831,2035962
2046703,2046697
2046697,2045123
2046712,2046697
2046604,2046592
2046592,2046585
2046601,2046562
2045730,
2046622,2046603
2046563,2045730
2046599,2046562
2046610,2045830
2046586,2046556
2687824,2046552
2046568,2046554
2046594,2045830
2046716,2046552
2047346,2046716
2725559,2046721
2047137,2046753
2046555,2045830
2046616,2045830
2046593,2046556
2732899,2046557
2046547,
2046578,2046567
2046683,2046680
2047172,2046752
2046677,2046672
2047322,2046752
2046680,2046662
2046672,2046662
2046752,2046662
2046679,2046677
2732896,2047322
2046662,2046660
2047109,2046689
2046689,2046674
2046671,2046659
2050706,2000588
2050707,
2057782,2057769
2046591,2046579
2045123,
2046632,2046604
2046618,2046604
2046579,2046565
2046583,2046562
2046562,2045730
2046642,2046583
2046719,2045730
2046602,2046562
2046665,2045730
2046603,2046563
2046621,2046602
2046714,2045730
2046600,2046554
2046625,2046598
2046552,2046548
2046614,2045830
2045830,
2046574,2046556
2046556,2046548
2732893,2046625
2046595,2046555
2046557,2046552
2046613,2045830
2046648,2045830
2046588,2046556
2046597,2046552
2046575,2045830
2046576,2046556
2046721,2046716
2046554,2046548
2046607,2046554
2046548,2045830
2046598,2046597
2046569,2046567
2046559,2046558
2046606,2046569
2046587,2046569
2046558,2046551
2046617,2046567
2047424,2046558
2046567,2046551
2046551,2046547
2046660,2046657
2046673,2046672
2046657,
3847675,2046752
2732897,2047322
2046674,2046671
2046659,
2057758,2057754
2057777,2057763
2057755,2057754
2057780,2057754
2057781,2057773
2057756,2057754
2068138,2068136
2050708,2050706
2050704,2000587
2000587,2000585
2057797,2057755
2057779,2057777
2057770,2057755
2057766,2057758
2057764,2057756
2057773,2057758
2100481,2100480
2100483,2100482
2100506,2100480
2528147,2106775
2105962,
2105958,2105957
2106013,2071147
2529974,1717337
2106014,2071147
2068163,2068157
2068132,2068120
2068141,
2068146,2068120
2068165,2068161
2068147,2068146
2068144,2068143
2068151,2068147
2068155,2068144
2068175,2068172
2068176,2068168
2068172,2068169
2069869,
2071164,2071163
2071162,2071160
2071177,2071175
2071231,2071226
2071262,2071226
2071249,2071226
2071263,2071229
2071227,2071221
2071242,2071226
2071259,2071227
2071243,2071228
2071258,2071226
2071233,2071226
2071247,2071232
2071276,2071226
2071284,2071249
2071364,2071363
2071366,2071364
2071373,2071365
2071369,2071368
2073097,2071363
2100489,2100488
2144521,2144520
2144510,
2144519,2144514
2144513,2144510
2068154,2068141
2068164,2068147
2068162,2068155
2068088,2068141
2068142,2068140
2068120,2068088
2068156,2068142
2068166,
2068169,2068168
2068174,2068171
2068178,2068176
2068180,2068175
2068179,2068172
2068168,2068167
2071253,2069875
2069874,2069871
2069870,2069869
2071160,2071159
2071171,
2071277,2071230
2071278,2071229
2071267,2071242
2071275,2071226
2071244,2071228
2071265,2071226
2071260,2071228
2071245,2071229
2071221,
2071283,2071226
2071264,2071249
2071281,2071231
2071226,2071221
2071228,2071227
2071372,2071364
2071370,2071369
2071363,
2100491,2100489
2100492,2100490
2100482,2100480
2100488,2100482
2100480,
2105963,2071147
2100484,2100481
2100490,2100482
2152366,2152260
2154028,2154025
2155327,2155248
2154792,2154334
2154334,
2154789,2154334
2154735,2154334
2154737,2154334
2154777,2154334
2155061,2154893
2156920,2156919
5309223,2156917
2156917,
2156918,2156917
2157344,2157343
2157601,
2157612,2157602
2157602,2157601
2163834,2158178
2163838,2163837
2159457,2158337
2159462,2159461
2158337,
2159704,2159455
2159460,2159455
2159711,2158418
2158418,
2158650,2158649
2158737,2158650
2158765,2158646
2159687,
2159684,2158773
2163262,2158450
2159469,2158609
2105961,2105959
2753177,2105960
2106003,2105959
1717337,2105962
2105957,2071147
2144511,2144510
2163353,
2157657,2163353
5310925,5746051
2163354,2163352
2163809,2163807
2163812,2163811
2165842,2165840
2165845,2165843
2165854,2165844
2165841,2165840
2165843,2165842
2166124,2166116
2166119,2166117
2166118,2166117
2166121,2166118
2166123,2166122
2166571,2166565
2166564,
2166572,2166571
2168880,2168646
2171717,2168880
2171716,2168880
2168916,2168766
5313933,2168766
2168766,
2169187,2169186
2169194,2169187
2169196,2169192
2169197,2169191
2169348,2169259
2170390,2170389
2170391,2170390
2170490,2170389
2170422,2169279
2170404,2170395
2170486,2169280
2170482,2169280
2170409,2169280
2170397,2170395
2170430,2169280
2170407,2170396
2170410,2170392
2170399,2170395
2170494,2169279
2170496,2169279
2170405,2169280
2172563,2169279
2170414,2170413
2170491,2170436
2170412,2170411
2170522,2170491
2170436,2170414
2170453,2170452
2170459,2170456
2170502,
2170562,2170561
2170561,2170554
2170554,2170502
2171063,
2171068,2171067
2171734,2171732
5025275,2171733
2171408,2171403
2171404,2171403
2171403,
2171405,2171404
2171835,1693687
1693686,1650263
4853651,5914869
4932463,2174310
2180244,2180243
2187840,2187838
2189599,2189593
2202449,2199655
2202452,2202453
2202454,2202453
2199655,
2202453,2202449
2201057,2199655
2528149,2106775
2071147,1717337
2528148,2106775
2106775,2106003
2105959,2105957
2105964,2105957
2105960,2105958
2144514,2144511
2152260,2146169
2146169,2146167
2154100,2154021
2154899,2154071
2154025,
2154052,2154046
2154030,2154025
2154154,2154128
2154346,2154154
2154128,
2155206,2154567
2154161,2154158
2154864,2154669
2155078,2154864
2154669,2154334
2155155,2154893
2154893,2154864
2154793,2154334
2154778,2154334
2155153,2154893
2154774,2154334
2154854,2154334
2154780,2154334
2156919,2156918
2156921,2156920
2157342,2157341
2157341,
2157644,2157612
2157645,2157644
2163835,2163834
2159456,2159455
2159455,2159454
2159461,2158337
2160181,2159997
2159980,2159967
2159997,2158418
2158734,2158649
2158649,2158646
2159110,2158737
2158646,
2158735,2158646
2159685,2159684
2158773,2159687
2158450,2159689
2159689,
2159692,2159484
2162336,2162335
2162335,1221482
2162337,2162336
2162338,
5746051,2163353
2163352,2157657
2163801,
5822218,2163801
2163808,2163806
2163807,2163806
2163817,2163812
2163814,2163811
2165847,
2144536,2144510
2144520,2144519
2166122,2166120
2167315,2166571
2168882,2168881
2152588,2146166
2146166,
2146167,2146166
2168883,2168882
2168646,
2168889,2168883
2168917,2168916
2168925,2168924
2168923,2168922
2169190,2169188
2169186,2169185
2169564,2169205
2169193,2169187
2169205,2169201
2170381,2169185
2169198,2169196
2169202,2169190
2169195,2169194
2169259,2169241
2170444,2170429
2170513,2170389
2170389,
2170429,2170419
2169289,2169279
2169279,2170395
2169280,2169279
2170426,2170425
2170415,2169280
2170485,2169279
2170398,2169279
2170396,2170394
2170393,2169280
2170406,2169279
2170489,2169279
2170400,2169280
2170427,2169279
2170392,2169279
2170425,2169280
2169307,2169289
2170411,
2170525,2170491
2170413,2170412
2170450,2170455
2170455,
2170452,2170450
2171065,2171064
2171066,2171065
2171409,2171403
2171735,2171406
2171736,2171410
2171732,2171403
2171816,
1693687,1693686
5914869,1650263
2171826,1693686
1650263,2171816
2174308,2174309
2174310,2174308
2180243,2180241
2180242,2180240
2187837,2187836
2155166,2154123
2154123,2154100
2154087,2154021
2154021,2154009
2154124,2154100
2154009,
2155165,2154100
2154046,2154033
2154054,2154046
2154059,2154054
2154071,2154059
2154033,2154025
2154567,2154346
2154506,2154158
2154158,
2154324,2154161
2155248,2154324
2154400,2154161
2155245,2154893
2154788,2154334
2156922,2156917
2157345,2157344
2157343,2157342
2157611,2157602
2158178,
2163839,2163838
2163837,2163836
5310482,2158178
2163836,2163835
2159459,2158337
2159733,2159704
2159454,2158337
2159458,2159455
2159967,2159711
2160007,2159980
2159962,2158765
2187838,2187837
2187839,2187837
2189596,2189594
2159686,2159685
2158609,2158450
2159484,2158609
2163255,2158450
2189594,2189592
2189597,2189595
2189592,
2202456,2202453
1221482,2162338
2163355,2163354
2157747,2157657
2163811,2163808
2163810,2163808
2163813,2163806
2163806,2163801
2163815,2163811
2163816,2163815
2239084,2239085
2239081,2239080
2202450,2199655
2201061,2201057
2213783,
2248952,2248947
2250413,2250414
2250416,2250418
2252192,2252191
2165848,2165843
2165849,2165841
2165840,2165839
2165850,2165843
2165852,2165844
2165839,2165847
2165844,2165842
2166116,
2166117,2166116
5312911,2166124
2166120,2166119
2166565,2166564
2167316,2167315
2168881,2168880
2168921,2168766
2168920,2168766
2168924,2168923
2168922,2168921
2169201,2169196
2169192,2169187
2169188,2169187
2169203,2169202
2169191,2169187
2169185,
2170341,2169185
2169241,2169921
2169921,
2169966,2169348
2170499,2170389
2170448,2170429
2170419,2170391
2170395,
2170495,2169279
2170394,2169279
2170432,2170417
2170424,2169280
2170428,2170427
2170421,2169279
2170487,2169279
2170417,2169279
2169281,2169280
2170420,2169280
2170449,2170436
2170456,2170453
2170464,2170460
2170458,2170450
2170460,2170459
2170465,2170453
2170563,2170562
2171067,2171066
2171064,2171063
2171410,2171407
2171733,2171403
2171407,2171403
2171406,2171405
2171818,1693686
2174307,
2174309,2174307
2180247,2180240
2180240,
2180241,2180242
2214570,2213783
2214576,2214573
2214575,2214571
2214571,2214570
2214577,2214570
2214573,2214571
2239080,2239084
5321789,2187835
2187836,2187835
2187835,
2189598,2189594
2189593,2189594
2189595,2189593
2202451,2202452
2202458,2202453
2202455,2202453
2239083,2239081
2248947,2248946
2214572,2214571
2248950,2248951
2250414,2250418
2250419,2250417
2250417,2250419
2250415,2250419
2252188,2252186
2252186,2252185
2252187,2252186
2252185,
2252190,2252193
2252191,2252193
2929360,2352176
2239082,2239081
2239085,
2239499,2239080
2239088,2239082
2248951,2248949
2248948,2248950
2248949,2248947
2248946,
2250418,2250419
2252194,2252191
2252189,2252185
2252193,2252187
2345970,2345969
2916390,2345969
2345972,2345971
2929343,2352174
2929357,2352174
2352179,2352178
2929284,2352177
2929283,2352177
2929347,2352174
2929341,2352174
2929344,2352176
2929351,2352177
2929354,2352174
2352177,2352174
2352178,2352177
2929345,2352177
2352546,
2352551,2352548
2352549,2352550
2352553,2352552
2352550,2352548
2352554,2352548
2352552,2352548
2353262,2353261
2353263,2353259
2935293,2353262
2353259,
2354174,2354154
2354147,2354130
2354158,2354154
2354137,2354155
2354145,2354134
2354148,2354130
2354151,2354130
2354133,2354135
2354169,2354154
2354153,2354130
2354144,2354134
2354157,2354154
2354149,2354130
2355119,2355118
2355122,2355121
2358240,2358239
2358241,2358240
2358238,
2947410,2358241
2947449,2358241
2358239,2358238
2947418,2358241
2952216,2360211
2360220,2360213
2952192,2360213
2951966,2360209
2952608,2360210
2952193,2360213
2952209,2360210
2360210,2360208
2360216,2360211
2952211,2360213
2952191,2360213
2360208,
2360212,2360211
2952215,2360213
2952607,2360209
2360221,2360211
2360217,2360212
2952210,2360211
2360209,2360210
2952190,2360211
2952212,2360213
2360213,2360210
2952213,2360209
2360215,2360209
2952214,2360210
2362997,2362995
2404300,
2623428,2404295
2623421,2404300
2404311,2404295
2623431,2404294
2623435,2404295
2404306,2404299
3473707,2404299
2404308,2404294
2404314,2404295
2623417,2404294
2404303,2404294
2404302,2404296
2404313,2404295
2404310,2404299
2623423,2404296
2414018,2413978
2352174,
2929349,2352177
2929365,2352177
2352176,2352174
2929366,2352177
2929358,2352179
2929359,2352174
2929362,2352176
2929348,2352179
2929353,2352178
2352566,2352550
2352548,2352546
2352555,2352549
2352557,2352550
2469579,2352548
2352547,2352548
2353261,2353263
2354130,2354133
2354139,2354131
2354154,2354131
2354132,2354135
2354156,2354131
2354131,2354130
2354143,2354131
2354155,2354130
2354160,2354130
2354167,2354154
2354150,2354131
2354146,2354134
2355121,2355120
2355120,2355119
2355123,2355120
2952189,2360213
2424899,2424897
2424922,2424898
2424905,2424887
2424912,2424898
2424895,2424891
2424903,2424889
2424908,2424893
2424909,2424898
2424936,2424898
2424911,2424888
2424925,2424898
2424913,2424898
2424928,2424897
2424927,2424887
2424893,2424898
2952187,2360211
2360218,2360214
2360214,2360212
2360219,2360212
2724417,2362996
2426570,2426565
2426569,2426564
2362996,2362997
2724421,2362996
2724435,2362997
2724418,2362997
2724434,2362997
2724436,2362997
2362998,2362996
2724442,2362997
2404315,2404294
2430253,2430228
2430237,2430228
2430254,2430229
2430244,2430227
2430245,2430227
2430236,2430228
2439716,2439715
2444179,2444184
2444186,2444179
2444182,2444178
2444178,2444177
2444195,2444178
2444190,2444177
2445412,2445409
2447985,2447989
2447997,2447988
2452049,2452034
2452039,2452038
2452041,2452036
2452050,2452034
2452044,2452034
2452040,2452035
2452209,
2452218,2452209
2463661,2463660
5441218,2463663
2463660,
2463664,2463662
2464688,
2464726,2464688
2464690,2464691
2465821,2464688
2464696,2464691
2464693,2464690
2464692,2464690
2464694,2464691
2464691,2464688
2345971,2345970
2345969,
2916391,2345972
2929342,2352174
2929350,2352179
2929340,2352176
2929339,2352174
2929346,2352177
2929352,2352178
2352559,2352551
2352556,2352550
2935294,2353261
2354134,
2354135,2354134
2354142,2354133
2354138,2354154
2354173,2354154
2354141,2354132
2354136,2354155
2355118,
2952188,2360211
2952223,2360213
2360211,2360210
2724420,2362995
2724419,2362996
2724443,2362998
2362995,
2724416,2362997
2724441,2362998
2724433,2362997
2724415,2362995
2404301,2404294
2623425,2404300
2404309,2404294
2404295,2404296
2623424,2404295
2623422,2404295
2404297,2404296
2623433,2404300
2404299,2404300
2404312,2404300
2404296,2404300
2404294,2404295
2623416,2404295
2404304,2404295
2623432,2404296
2414006,2413978
2465322,
2465334,2465320
2465360,2465325
2465339,2465330
2465378,2465327
2465328,2465322
2465347,2465320
2465341,2465320
2465329,2465327
2686759,2465318
2465349,2465320
2465366,2465322
2465367,2465322
2465353,2465319
2465375,2465322
2465358,2465319
2465363,2465320
2465332,2465325
2465348,2465320
2465333,2465325
2465327,2465325
2465381,2465327
2465355,2465319
2465346,2465325
2465319,2465335
2465352,2465319
2465357,2465325
2465331,2465320
2465340,2465328
2465320,2465322
2465354,2465322
2465365,2465327
2465336,2465319
2465338,2465322
2465325,2465322
2465330,2465319
2465384,2465322
2465362,2465327
2465350,2465322
2465376,2465326
2465364,2465320
2465342,2465319
2465380,2465333
2465318,2465328
2465335,2465322
2465326,2465322
2465386,2465322
2465379,2465322
2466563,2466496
2466520,2466495
2466561,2466493
2466494,2466495
2466521,2466494
2466523,2466494
2466493,2466494
2466555,2466493
2466557,2466493
2466543,2466494
2413980,2413979
2424891,2424888
2469433,2469422
2469423,2469412
2469407,2469397
2469394,2469396
2469417,2469398
2478787,2478765
2478784,2478765
2478795,2478765
2484514,2484512
2484680,2484706
2484697,2484879
2484711,2484706
2484676,2484879
2484709,2484684
2484682,2484879
2484748,2484684
2484700,2484666
2484708,2484706
2484707,2484684
2484679,2484879
2484703,2484707
2484687,2484879
2484699,2484666
2484704,2484666
2484684,2484879
2484710,2484684
2484695,2484879
2484693,2484879
2484689,2484879
2484677,2484706
2484681,2484879
2484758,2484737
2484747,2484882
2484735,2484667
2484671,2484746
2484734,2484737
2484667,2484752
2484775,2484734
2484756,2484882
2484928,2484882
2484740,2484744
2484746,2484882
2484778,2484732
2484730,2484667
2484670,2484737
2484752,2484882
2484737,2484752
2484669,2484739
2484882,
2484744,2484766
2484675,2484752
2484757,2484882
2484743,2484752
2424907,2424887
2424914,2424887
2424929,2424897
2424919,2424887
2424898,
2424890,2424888
2426564,2426567
2426567,
2430229,2430228
2430243,2430227
2430234,2430228
2430241,2430227
2430259,2430228
2430233,2430230
2430249,2430229
2430240,2430227
2430256,2430227
2430228,2430227
2430232,2430228
2439721,2439720
2493017,2493013
2493007,2493005
2493006,2493013
2493005,2493012
2493010,
2439715,
2439717,2439720
2439720,2439716
2444185,2444177
2444196,2444179
2444199,2444184
2444181,2444177
2444183,2444178
2445410,2445407
2445407,
2445414,2445411
2445411,2445410
2447988,
2737965,2505576
2505586,2505578
2505588,
2505582,2505578
2507135,2507024
2507122,2506958
2507106,2506958
2507035,2507062
2507094,2506958
2507059,2507082
2507124,2507082
2507087,2506958
2507067,2507084
2507115,2506958
2507036,2507072
2507188,2507084
2507043,2507190
2507015,2507084
2507017,2507093
2507105,2506958
2507199,2507082
2507110,2507072
2507025,2506958
2507109,2507053
2507203,2507082
2507070,2506958
2507129,2506958
2507010,2506958
2507108,2507084
2507068,2506958
2507187,2507056
2507063,2507059
2507039,2507082
2507023,2507084
2507077,2507072
2507120,2506958
2507239,2507212
2507222,2507212
2507102,2507212
2507221,2507212
2447989,2447988
2447986,2447985
2447987,2447986
2447996,2447989
2452038,2452035
2507729,2507590
2507442,2506964
2507723,2507701
2507461,2507589
2739564,2507588
2507694,2507590
2507730,2507590
2507718,2507590
2507465,2507460
2507692,2507460
2507450,2507590
2507706,2506964
2507716,2507701
2507699,2507590
2507437,2506964
2507438,2507701
2508833,2507701
2507697,2507590
2507590,2507701
2507596,2507590
2507713,2507590
2507695,2506964
2507715,2507704
2507857,2507701
2740845,2034493
2466872,2033992
2740471,1999214
2741680,2034493
2505626,2034493
3572549,2035634
2466862,2033992
2505951,2034493
2034493,2033992
2729359,2035634
2730245,2035634
2509906,2509901
2509901,2509899
2509904,2509900
2509902,2509901
2623430,2404295
2404307,2404300
2404305,2404296
2452036,2452038
2452042,2452035
2452045,2452036
2452037,2452038
2452048,2452034
2452217,2452211
2452216,2452210
2452214,2452209
2452206,2452208
2452208,2452207
2463663,2463661
2520117,2520119
2520119,2520118
2520706,2520704
2520701,2520696
2520697,2520707
2464695,2464692
2465337,2465318
2465344,2465320
2465351,2465322
2465377,2465333
2465359,2465320
2466544,2466495
2466522,2466494
2466495,2466492
2466545,2466494
2466496,2466493
2469413,2469398
2413979,2413978
2414043,
2413978,2414043
2413984,2413980
2414013,2413979
2414022,2413978
2414020,2413982
2414054,2413982
2413986,2413978
2414027,2413980
2414026,2413980
2414046,2413980
2413989,2413979
2413987,2413979
2414050,2413979
2414021,2413978
2413982,2413978
2469420,2469398
2469396,2469422
2469427,2469422
2469401,2469398
2469439,2469411
2469416,2469422
2478771,2478767
2478765,2478774
2478785,2478765
2478797,2478773
2478789,2478765
2478798,2478773
2478829,2478773
2478794,2478765
2478778,2478765
2478792,2478765
2478780,2478765
2478775,2478765
2478779,2478765
2478772,2478767
2478777,2478765
2479136,2479133
2479135,2479132
2479133,2479132
2479134,2479131
2479137,2479132
2484512,2484513
2424932,2424898
2424897,2424889
2424888,2424889
2424887,2424898
2424923,2424887
2424889,2424887
2424935,2424898
2424910,2424893
2424937,2424898
2424921,2424898
2426563,2426565
2426566,2426565
2426565,2426564
2426568,2426566
2484881,2484879
2484683,2484879
2484879,
2484696,2484879
2484694,2484666
2484686,2484706
2484880,2484879
2484702,2484666
2484706,2484879
2484690,2484879
2484764,2484882
2484668,2484746
2484732,2484743
2484762,2484743
2484739,2484766
2484765,2484882
2484777,2484732
2484729,2484670
2484755,2484882
2484779,2484732
2484745,2484743
2484761,2484743
2484768,2484732
2484674,2484743
2484771,2484734
2484770,2484766
2487687,2487685
2487684,
2487688,2487684
2493012,2493013
2430230,2430229
2430238,2430230
2430246,2430237
2430250,2430236
2430227,
2430235,2430230
2430242,2430230
2430251,2430228
2430252,2430228
2430255,2430227
2430239,2430227
2430257,2430227
2430248,2430228
2430231,2430230
2430258,2430227
2439718,2439717
2439719,2439720
2505579,2505576
2444184,2444178
2444188,2444181
2444177,
2444200,2444181
2445408,2445407
2445413,2445410
2445409,2445411
2447991,2447988
2447992,2447985
2447990,2447988
2447993,2447989
2452043,2452034
2452046,2452045
2452047,2452040
2452035,2452034
2452034,
2452212,2452210
2452211,2452210
2452207,2452210
2452210,2452209
2546768,2546765
2546766,2546768
2791343,2546765
2791349,2546768
2791342,2546767
2550530,2550531
2550531,2550526
2550527,2550528
2550529,2550526
2550526,2550527
2550586,2550591
2550600,2550587
2550589,
2550591,2550589
2550594,2550587
2551522,
2551105,2551102
2551110,2551103
2551102,2551523
2551530,2551102
2551538,2551102
2551104,2551523
2551119,2551102
2551117,2551102
2560098,2560097
2505585,2505578
2505587,2505578
2505583,2505576
2505576,2505575
2505578,2505576
2505581,2505578
2505580,2505578
2505575,2505588
2507192,2507082
2507141,2506958
2507034,2507072
2507055,2507002
2507143,2506958
2507193,2507190
2507118,2507084
2507121,2507042
2507079,2506958
2507008,2506958
2507198,2506958
2507114,2507072
2507076,2507053
2507191,2507093
2507201,2507072
2507132,2507084
2507189,2506958
2507125,2506958
2507018,2506958
2507045,2507084
2507150,2507074
2507071,2506958
2507200,2506958
2507062,2507057
2507033,2507084
2507053,2507072
2507066,2507082
2507112,2506958
2507092,2506958
2507139,2506958
2507061,2507072
2507040,2506958
2507044,2506958
2506999,2507082
2507046,2507084
2507204,2506958
2507113,2506958
2506958,2507190
2507130,2506958
2507042,2507027
2507007,2506958
2507074,2507093
2507137,2506958
2507004,2507056
2507084,2507190
2507020,2507059
2507210,2506958
2507005,2507093
2507060,2506958
2507117,2506958
2507038,2507002
2507146,2507082
2507142,2507093
2507064,2507057
2507057,2507072
2507131,2506958
2507148,2507074
2507072,2507093
2507107,2507053
2507190,
2507140,2507093
2507128,2507082
2507134,2506958
2507069,2506958
2507111,2506958
2507147,2507072
2507080,2506958
2507126,2507084
2507041,2507093
2507021,2507082
2507197,2507085
2507096,2507056
2507209,2506958
2507119,2507053
2507195,2507085
2507056,2507053
2507085,2507093
2507047,2507056
2507003,2507190
2507026,2506958
2507082,2507190
2507028,2506958
2507001,2506958
2507049,2507062
2507093,2507190
2507006,2507057
2507048,2507053
2507081,2507053
2507149,2507072
2507220,2507218
2507097,2507101
2507218,2507212
2507234,2507212
2507229,2507100
2507231,2507100
2507219,2507101
2507098,2507218
2507099,2507218
2507237,2507212
2507212,
2507240,2507218
2507101,2507218
2507103,2507212
2507238,2507212
2507235,2507212
2507458,2507590
256417,256412
256411,
256415,256413
256414,256411
256419,256417
2507600,2507460
2507720,2507701
2507712,2507590
2507691,2507590
2506964,2507701
2507457,2507588
2507448,2507588
2507693,2507590
2507719,2507704
2507462,2507589
2507591,2506964
2507722,2507701
2507587,2506964
2507447,2507588
2507703,2506964
2507588,2507589
2507460,2507588
2507701,2507858
2507594,2506964
2507702,2507590
2507704,2507701
2505613,2033992
2508429,2034493
2731712,2035634
2505205,2034493
2508550,1999214
2508535,2035634
2035634,2034493
2033992,1999214
2738973,2034493
1999214,2508400
2505615,2033992
2738980,2034493
2505644,2034493
2741665,1999214
2504681,2034493
2505623,2034493
2741956,2034493
2508507,2034493
2497197,1999214
2740468,2035634
2733975,2033992
2509905,2509901
2509911,2509901
2520122,
2463662,2463663
2465343,2465320
2465345,2465327
2465361,2465319
2466492,
2466542,2466494
2469430,2469425
2469405,2469397
2469441,2469422
2469414,2469397
2469395,2469396
2469431,2469412
2469422,2469435
2469429,2469425
2469421,2469398
2469403,2469397
2469412,2469411
2469419,2469411
2469434,2469411
2469442,2469422
2469400,2469394
2469406,2469397
2469393,2469428
2469399,2469398
2469425,2469428
2469402,2469401
2469428,2469422
2469437,2469422
2469426,2469411
2469410,2469398
2469409,2469393
2469411,2469422
2469408,2469394
2469432,2469411
2469398,2469427
2469435,
2469415,2469425
2469397,2469411
2469424,2469411
2469418,2469411
2469404,2469397
2469438,2469422
2520120,2520117
2520121,2520118
2520699,2520704
2520698,2520697
2791344,2546766
2478796,2478765
2478788,2478765
2478767,2478765
2478782,2478765
2478799,2478765
2478783,2478765
2478781,2478765
2478793,2478765
2478776,2478765
2478791,2478765
2478800,2478774
2478786,2478765
2478774,2478773
2478773,
2479131,
2479138,2479132
2479132,2479134
2484515,2484514
2707275,2484515
2484511,
2484516,2484514
2484513,2484511
2484517,2484515
2484685,2484706
2484701,2484706
2484688,2484879
2484692,2484879
2484698,2484706
2484691,2484707
2484666,2484707
2484678,2484879
2484705,2484666
2484754,2484760
2484769,2484670
2484728,2484670
2484781,2484734
2484759,2484882
2484772,2484739
2484673,2484743
2484742,2484737
2484767,2484752
2484741,2484744
2484760,2484882
2484733,2484670
2484738,2484670
2484773,2484743
2484766,2484882
2484782,2484670
2484776,2484739
2484763,2484737
2484753,2484882
2484736,2484739
2484774,2484737
2484672,2484743
2484731,2484668
2487685,2487686
2487686,2487688
2546767,2546766
2550533,2550531
2550595,2550587
2550603,2550587
2550590,2550589
2550601,2550587
2550598,2550586
2550588,2550590
2551106,2551103
2551121,2551102
2551111,2551102
2551523,2551522
2551528,2551523
2551123,2551103
2551525,2551523
2551108,2551102
2551526,2551523
2551539,2551523
2560097,2560096
2493013,2493010
2493011,2493005
256416,256415
2702131,2688020
2505584,2505575
2505590,2505576
2507133,2506958
2507123,2506958
2507073,2506958
2507000,2507086
2507144,2507082
2507014,2507053
2507089,2507053
2507030,2506958
2507088,2506958
2507051,2506958
2507078,2507053
2507011,2506958
2507032,2506958
2507095,2507093
2507058,2506958
2507086,2506958
2507196,2507074
2507012,2507057
2507202,2506958
2507091,2506958
2506992,2506958
2507054,2506958
2507083,2506958
2507138,2506958
2507013,2507082
2507127,2506958
2507016,2506958
2507031,2507084
2507037,2506958
2507027,2507062
2506998,2507024
2507208,2507074
2507019,2507190
2507065,2507062
2507024,2507059
2507022,2506958
2507009,2507082
2507194,2507074
2507090,2506958
2507029,2506958
2507002,2507056
2507116,2507082
2507145,2506958
2507075,2506958
2507050,2507053
2507136,2507084
2507052,2506958
2507100,2507099
2507228,2507103
2507236,2507212
2507233,2507212
2507440,2507701
2507592,2507701
2507700,2507590
2507858,
2507589,2507590
2507595,2507701
2507599,2506964
2507441,2506964
2507439,2506964
2507597,2507590
2507698,2507590
2507459,2507589
2507444,2507588
2507724,2507701
2507467,2507589
2507446,2507588
2507705,2507590
2507721,2507701
2507598,2507588
2507717,2506964
2507449,2507590
2507443,2507701
2507445,2507588
2507463,2507588
2507593,2507590
2741180,2034493
2508112,2034493
2466864,2033992
2739420,2034493
2508498,2034493
2508400,
2033275,1999214
2466871,2033992
2497202,1999214
3572343,2034493
2741676,2035634
3573393,2035634
2506198,2034493
2741953,2034493
2509899,
2509900,2509902
2509907,2509901
2520118,2520122
2520703,2520698
2520696,2520704
2520700,2520699
2520707,2520706
2520702,2520698
2520704,
2546765,2546766
2791346,2546765
2791350,2546767
2550528,
2550532,2550526
2550593,2550587
2550587,2550586
2550599,2550587
2551109,2551103
2551537,2551103
2551532,2551522
2551107,2551103
2551524,2551523
2551527,2551523
2551534,2551523
2551531,2551523
2551535,2551103
2551533,2551522
2551529,2551102
2551103,2551102
2551120,2551102
2551536,2551523
2551118,2551103
2560096,2560095
2560094,
2560095,2560094
256418,256416
256412,256411
256413,256411
3975643,2688020
2688020,2688019
2688019,2688018
1336596,275708
5858425,5858339
5858339,1336596
5858332,1336596
1525130,1336596
5454623,2702131
3848250,2688018
2688018,
4361528,1525130
5813708,1336596
5858424,5858339
275708,
2172937,2171753
3533407,1336596
5858333,1336596
5858426,5858409
5858409,5858332
2171746,412107
2172956,412107
2172988,2171749
2171750,2171749
2172946,412107
2172965,2171753
412107,
2172900,2171754
2172899,412107
2172901,2171745
4149031,412107
2172997,412107
2172912,2171750
2172923,2171749
2172930,2171749
2173009,2171705
2172924,2171751
2173034,2171747
2171745,2171703
2173045,2171747
2171753,2171751
2172983,2171749
2173036,2171746
2173023,2171753
2173037,2171749
2172962,2171705
2172957,2171752
2172961,2171752
2172991,2171750
2172918,2171747
2172909,2171752
2172980,2171753
2172925,2171749
2172907,2171749
2171755,2171700
2171700,412107
2173002,2171752
2172975,2171749
2172993,2171750
2172940,412107
2173015,2171745
2173018,2171704
2172978,2171751
2171754,412107
2173000,2171749
2172916,2171753
2173027,2171752
2172942,2171754
2173024,2171750
2173044,2171701
2172967,2171749
2173020,2171751
2172985,2171753
2172960,2171754
2172931,2171751
2172895,2171750
2173021,2171751
2172911,412107
2172969,412107
2173019,2171749
2172947,2171752
2173014,2171746
2173003,2171754
2172896,2171751
2171706,2171702
2171703,2171700
2173038,2171750
2172928,2171751
2173040,2171749
2172994,2171704
2172910,2171749
2172952,2171754
2172992,2171746
2172995,412107
2172953,2171751
2172938,2171702
2171704,2171700
2173030,2171752
2172939,2171745
2172905,2171701
2172951,2171705
2171752,2171745
2172964,2171752
2173005,2171751
2172897,2171749
2173012,2171705
2172981,2171746
2172990,2171754
2172959,2171753
2173042,2171705
2172970,2171754
2173010,2171749
2172973,2171754
2173013,2171745
2172920,412107
2172977,2171752
2191351,2191350
2191339,2191350
456841,
2191347,2191348
2191346,2191350
2191348,2191349
2191332,2191350
2191349,456841
2191344,456841
2191329,2191350
2191328,2191350
2191352,456841
2191355,2191354
2191342,2191349
2191336,2191346
2162628,2162627
2172932,2171701
2173004,2171705
2172902,2171753
2172935,412107
2172936,2171746
2171749,2171747
2172987,2171750
2172929,2171745
2172984,2171751
2172989,2171752
2172971,2171753
2172963,2171701
2173017,2171702
2173001,2171702
2172974,2171754
2172948,2171752
2172941,2171746
2173031,2171747
2171701,2171700
2172972,2171746
2173006,2171754
2172914,2171752
2173029,2171705
2172906,2171747
2172999,2171704
2172945,2171750
2172986,2171749
2171747,2171746
2171705,2171702
2172943,2171749
2172968,2171754
2173046,2171755
2172913,412107
2173007,2171755
2172464,412107
2172917,2171749
2173043,2171754
2172979,2171752
2173032,2171750
2172944,2171746
2171751,2171749
2172966,2171704
2172919,412107
2173011,2171754
2172933,2171752
2172904,2171746
2171702,2171700
2191350,2191347
2191335,456841
2191353,2191347
2191334,456841
2191345,456841
2191354,2191348
2191340,2191346
6183931,5858315
5895674,5895675
5895675,5895674
5895785,5895964
5895964,5895785
5735792,615568
2162630,2162629
2162627,574589
4294626,574589
2162631,2162629
5858268,5858315
6191714,5895675
6191887,5895964
615568,
745202,745199
2169031,615568
574589,
2162629,2162628
2162632,2162630
745193,703025
745199,745196
5765863,5765862
5765866,5765861
5765861,723205
2168938,2168933
2168951,2168936
2168954,2168936
2168958,2168936
2168936,2168933
2168940,2168938
2168950,2168949
2168966,2168933
2293666,2293663
5858315,5858268
2293664,2293665
3855289,81054
2699700,82781
5774993,5774990
5774992,82781
5774988,82781
5774990,5774988
4700427,962024
4491209,703025
5765864,5765863
5362479,2270898
1175566,723205
5765865,5765861
5765862,5765861
5314533,724546
2168965,2168936
2168948,2168947
2168962,2168937
2168959,2168936
2168937,724546
2168961,2168936
2168946,2168945
2168952,2168936
2168939,2168938
2168941,2168933
2168949,724546
2168935,2168934
2168942,2168940
2169073,2168933
549315,109291
3562443,76577
3850150,109291
634803,549315
76577,76571
2293667,2293664
2293663,81054
4166065,615568
2169035,2169034
2169033,2169032
2169032,2169031
2169036,2169032
2169034,2169032
5774991,5774988
258113,82781
5774994,5774993
82781,
2151062,928889
928889,928905
4669931,928905
1999690,962050
962024,962050
745196,745193
745203,745196
703025,
2270898,723205
2268688,723205
723205,
2168955,2168933
2168947,2168936
2169074,2168041
2168964,2168939
2168953,2168936
2168960,2168934
2168945,2168933
2168944,724546
2168041,724546
2168956,2168935
2168943,2168942
2168933,724546
2168963,2168933
2168934,724546
724546,
2168957,2168955
1459669,76571
3850140,76571
76571,
109291,76577
81054,
2293665,2293666
5774996,5774993
3807437,82781
5774995,5774993
434080,82781
928905,928889
962050,962024
